time_inclusion,affordance_indicator,AIC,BIC,f_statistic,f_pvalue
t-10,a1,-2041176.98185,-1997620.65339,34255.1308673,0.0
t-10,a2,-253390.728837,-209834.400376,464.23358596,0.0
t-10,a3,-323864.370797,-280308.042336,2755.63597016,0.0
t-10,a4,-195909.337842,-152353.009381,2163.8038558,0.0
t-10,a5,-335431.315706,-291874.987245,3388.59324373,0.0
t-10,a6,-301053.311912,-257496.983451,3106.97174155,0.0
t-10,a7,-366870.124833,-323313.796372,1151.24554386,0.0
t-10,a8,-377093.733751,-333537.40529,1990.01423233,0.0
t-10,a9,-424043.847167,-380487.518706,1064.03482701,0.0
t-10,a10,-101359.953942,-57803.6254807,1271.804485,0.0
t-10,a11,-257433.106298,-213876.777837,2325.80807923,0.0
t-10,a12,-212767.189028,-169210.860567,1419.40305974,0.0
t-10,a13,-150097.362472,-106541.034011,1825.13986541,0.0
t-10,a14,191017.380512,234573.708973,279.710414344,0.0
,,,,,
,,,,,
,,,,,
,,,,,
,,,,,
,,,,,
,,,,,
,,,,,
,,,,,
,,,,,
,,,,,
,,,,,
,,,,,
,,,,,
,,,,,
,,,,,
,,,,,
,,,,,
,,,,,
,,,,,
,,,,,
,,,,,
,,,,,
,,,,,
,,,,,
,,,,,
,,,,,
,,,,,
