RMSE,alpha
12.3500865905,150
18.9593559191,150
15.5405640545,150
12.9265355681,155
14.0347888717,155
13.7858707459,155
14.0855007213,160
13.1321192627,160
12.9007501732,160
