RMSE,alpha
14.8992817358,160
23.4361738928,160
15.6595240198,160
12.2463381878,160
32.5189662362,160
15.9901395515,160
12.3529920234,160
20.513836424,160
12.8189514642,160
12.3174449372,160
