RMSE,t
9.56763185794,0
9.14635342725,1
8.90190142442,2
8.75072852671,3
8.64322911958,4
8.56565905607,5
8.50915543257,6
8.4680981429,7
