RMSE,t
11.9157501309,8
12.2435560298,9