RMSE,t
13.1336716413,0
12.8926853001,1
12.8135049521,2
12.3933720088,3
12.3675097761,4
12.2900462502,5
12.0600393567,6
11.9644255949,7
