RMSE,t
11.9759898825,10
12.0391761491,11
