RMSE,t
0.217802477082,0
0.215041487873,1
319.809413736,2
12796.7646436,3
0.213054277534,4
0.212797702419,5
0.212614404115,6
17892.6397711,7
