RMSE,t
0.217815371448,0
1026.35636807,1
8951.37222222,2
26390.8541159,3
10229.5602579,4
5622.94232795,5
34797.9381442,6
53179.6004952,7
