RMSE,t
0.218378139809,0
46610.4308737,1
12582.0089145,2
53074.7070641,3
157145.182508,4
45435.0047318,5
42933.2933635,6
28517.0214431,7
