RMSE,t
0.217633757521,0
0.215296579918,1
13148.4704487,2
13474.6336832,3
24032.3343228,4
13931.9577021,5
12341.3048892,6
60363.0672515,7
