RMSE,t
0.217756021079,0
0.214920838313,1
0.213551973433,2
1611.36732539,3
0.212472086186,4
0.212101082935,5
0.211461659533,6
1897.46898928,7
