RMSE,t
0.217958857554,0
0.215423221156,1
128159.657952,2
8771.13454483,3
0.214227820614,4
9003.3588373,5
8407.40983685,6
26626.76524,7
