RMSE,t
1329.64512624,0
3641.40419465,1
28959.1649835,2
25926.756873,3
0.212618400625,4
10702.0376259,5
76032.4792073,6
7023.47586462,7
