RMSE,t
6.28653610908,0
33.8955050284,1
1239.15314947,2
0.213630149779,3
0.213111581879,4
2256.20376696,5
0.213798273459,6
3668.44027404,7
