RMSE,t
0.218420796133,0
46157.5628691,1
8335.26561402,2
6310.67756167,3
0.213177704398,4
20330.1508442,5
3572.8122703,6
9321.54005381,7
