RMSE,t
0.218133151942,0
0.215089576581,1
44192.0755862,2
22374.5725372,3
63867.487845,4
9761.30707813,5
76152.7913723,6
5834.60010933,7
